id_empresa,cnpj,codigo_recente,nome_recente,ticker_recente
1,00.000.000/0001-91,BBAS,BRASIL,['BBAS4' 'BBAS3']
2,00.000.208/0001-00,BSLI,BRB BANCO,['BSLI3' 'BSLI4']
3,00.001.180/0001-26,ELET,ELETROBRAS,['ELET5' 'ELET3' 'ELET6']
4,00.020.540/0001-37,MLPA,MELPAPER,['MLPA4']
5,00.022.034/0001-87,UBHD,UNIBANCO HLD,['UBHD3']
6,00.028.986/0001-08,ELAT,ELEVAD ATLAS,['ELAT3']
7,00.058.578/0001-07,TBRS,TELEBRASILIA,['TBRS4' 'TBRS3']
8,00.070.698/0001-11,CEBR,CEB,['CEBR3' 'CEBR5' 'CEBR6']
9,00.108.786/0001-65,NETC,NET,['NETC4' 'NETC3']
10,00.187.032/0001-48,KSSA,KLABINSEGALL,['KSSA3']
11,00.242.184/0001-04,ARML,ARMAC,['ARML3']
12,00.336.701/0001-04,TELB,TELEBRAS,['TELB3' 'TELB4']
13,00.359.742/0001-08,FICT,FICTORALIMEN,['FICT3']
14,00.416.968/0001-01,BIDI,BANCO INTER,['BIDI4' 'BIDI3']
15,00.649.881/0001-76,GTDP,GTD PART,['GTDP4' 'GTDPB' 'GTDP3']
16,00.776.574/0001-56,AMER,AMERICANAS,['AMER3']
17,00.864.214/0001-06,ENGI,ENERGISA,['ENGIB' 'ENGI3' 'ENGI4']
18,00.924.429/0001-75,VSPT,FER C ATLANT,['VSPT3']
19,00.956.274/0001-59,CETE,CETERP,['CETE3' 'CETE4']
20,01.027.058/0001-91,CIEL,CIELO,['CIEL3']
21,01.083.200/0001-18,NEOE,NEOENERGIA,['NEOEB' 'NEOE3']
22,01.104.937/0001-70,LIPR,ELETROPAR,['LIPR3']
23,01.109.184/0001-95,UOLL,UOL,['UOLL4']
24,01.391.425/0001-31,PORP,POLIPR PART,['PORP4']
25,01.394.549/0001-70,GMSA,PROMOAUTO,['GMSA3']
26,01.417.222/0001-77,MRSA,MRS LOGIST,['MRSAB']
27,01.425.787/0001-04,RDCD,REDECARD,['RDCD3']
28,01.540.541/0001-75,BGOS,BEG,['BGOS3' 'BGOS4']
29,01.543.032/0001-04,CGOS,CELG,['CGOS6' 'CGOS3' 'CGOS4']
30,01.545.826/0001-07,GFSA,GAFISA,['GFSA3']
31,01.548.981/0001-79,FIGE,INVEST BEMGE,['FIGE4' 'FIGE3']
32,01.599.101/0001-93,SEQL,SEQUOIA LOG,['SEQL3']
33,01.655.694/0001-68,TETE,TELET,['TETE3']
34,01.672.223/0001-68,CDOU,CACH DOURADA,['CDOU3' 'CDOU4']
35,01.685.903/0001-16,AMCE,AMERICEL,['AMCE3']
36,01.832.635/0001-18,TAMM,TAM S/A,['TAMM4' 'TAMM3']
37,01.838.723/0001-27,BRFS,BRF SA,['BRFS3']
38,01.896.779/0001-38,CSUD,CSU DIGITAL,['CSUD3']
39,01.917.705/0001-30,AELP,AES ELPA,['AELP3']
40,01.938.783/0001-11,PEAB,PAR AL BAHIA,['PEAB4' 'PEAB3']
41,01.971.614/0001-83,ECPR,ENCORPAR,['ECPR4' 'ECPR3']
42,02.016.439/0001-38,RGEG,RIO GDE ENER,['RGEG3']
43,02.016.440/0001-62,AESL,AES SUL,['AESL3' 'AESL4']
44,02.149.205/0001-69,PSSA,PORTO SEGURO,['PSSA3']
45,02.193.750/0001-52,DEXP,DEXXOS PAR,['DEXP3' 'DEXP4']
46,02.217.319/0001-07,YBRA,YBYRA S/A,['YBRA4']
47,02.225.714/0001-23,IENG,IENERGIA,['IENG5' 'IENG3']
48,02.255.187/0001-08,FIQE,UNIFIQUE,['FIQE3']
49,02.258.422/0001-97,INFM,INEPAR-FEM,['INFM4' 'INFM3']
50,02.302.098/0001-67,EPTE,EPTE,['EPTE4']
51,02.302.100/0001-06,EBEN,EBE,['EBEN4' 'EBEN3']
52,02.302.101/0001-42,EMAE,EMAE,['EMAE4' 'EMAE3']
53,02.319.126/0001-59,TSPC,TELESP CL,['TSPC6' 'TSPC3']
54,02.320.739/0001-06,TMGC,TELEMIG CL,['TMGC3' 'TMGC7' 'TMGC1' 'TMGC2' 'TMGC6']
55,02.328.280/0001-97,EKTR,ELEKTRO,['EKTR4' 'EKTR3']
56,02.330.506/0001-94,TRJC,TELERJ CL,['TRJC6' 'TRJC3']
57,02.331.879/0001-80,TBAC,TELEBAHIA CL,['TBAC6' 'TBAC7' 'TBAC3']
58,02.332.397/0001-44,TPRC,TIM SUL,['TPRC6' 'TPRC3']
59,02.336.993/0001-00,TPEC,TIM NORDESTE,['TPECB']
60,02.338.534/0001-58,SPRT,LONGDIS,['SPRTB']
61,02.340.278/0001-33,TMAC,AMAZONIA CEL,['TMACB']
62,02.351.144/0001-18,TGMA,TEGMA,['TGMA3']
63,02.351.877/0001-52,LWSA,LWSA,['LWSA3']
64,02.363.917/0001-86,OPRE,OPPORT RET,['OPREB']
65,02.365.069/0001-44,PDTC,PADTEC,['PDTC3']
66,02.387.233/0001-14,PIJU,PIRAJU PART,['PIJU3']
67,02.387.241/0001-60,RAIL,RUMO S.A.,['RAIL4' 'RAIL3']
68,02.390.206/0001-09,PITI,LF TEL,['PITI4']
69,02.421.421/0001-11,TIMS,TIM,['TIMS3']
70,02.429.144/0001-93,CPFE,CPFL ENERGIA,['CPFE3']
71,02.474.103/0001-19,EGIE,ENGIE BRASIL,['EGIE3' 'EGIE6' 'EGIE5']
72,02.476.710/0001-18,TLVT,TELINVEST,['TLVTB']
73,02.533.576/0001-40,MHAN,PATRIA INV,['MHANB']
74,02.535.295/0001-26,MAOR,MAORI,['MAORB']
75,02.541.982/0001-54,SEDU,SOMOS EDUCA,['SEDU3']
76,02.558.074/0001-73,VIVO,VIVO,['VIVO3' 'VIVO4']
77,02.558.115/0001-21,TIMP,TIM PART S/A,['TIMP3' 'TIMP4']
78,02.558.118/0001-65,TMCP,TELEMIG PART,['TMCP3' 'TMCP4']
79,02.558.124/0001-12,EBTP,EMBRATEL PAR,['EBTP3' 'EBTP4']
80,02.558.129/0001-45,TSEP,TELE SUDESTE,['TSEP3' 'TSEP4']
81,02.558.132/0001-69,TCOC,TELE CTR OES,['TCOC4' 'TCOC3']
82,02.558.134/0001-58,TNLP,TELEMAR,['TNLP3' 'TNLP4']
83,02.558.144/0001-93,TLCP,TELE LEST CL,['TLCP3' 'TLCP4']
84,02.558.154/0001-29,TNCP,TELE NORT CL,['TNCP4' 'TNCP3']
85,02.558.156/0001-18,TNEP,TELE NORD CL,['TNEP3' 'TNEP4']
86,02.558.157/0001-62,VIVT,TELEF BRASIL,['VIVT3' 'VIVT4']
87,02.570.688/0001-70,BRTP,BRASIL T PAR,['BRTP3' 'BRTP4']
88,02.591.787/0001-39,CPTP,CAPITALPART,['CPTPB']
89,02.635.522/0001-95,JALL,JALLESMACHAD,['JALL3']
90,02.659.727/0001-00,RNPT,RENNER PART,['RNPT4' 'RNPT3']
91,02.670.203/0001-10,RCPR,REAL CONS PA,['RCPR3' 'RCPR2' 'RCPR1' 'RCPR8' 'RCPR6']
92,02.670.204/0001-65,RHPR,REAL HLD PAR,['RHPR4' 'RHPR3']
93,02.670.205/0001-00,RPPR,REALPAR,['RPPR5' 'RPPR3' 'RPPR6']
94,02.762.113/0001-50,OPDC,BRAZILIAN FR,['OPDCB']
95,02.762.115/0001-49,MMXM,MMX MINER,['MMXM3']
96,02.762.121/0001-04,STBP,SANTOS BRP,['STBP3']
97,02.773.542/0001-22,RBRA,RIO BRAVO,['RBRAB']
98,02.790.893/0001-41,CSPC,COSIPA,['CSPC4' 'CSPC3']
99,02.800.026/0001-40,COGN,COGNA ON,['COGN4' 'COGN3']
100,02.808.708/0001-07,AMBV,AMBEV,['AMBV3' 'AMBV4']
101,02.808.710/0001-78,AMRI,GEODEX,['AMRI8']
102,02.846.056/0001-97,CCRO,CCR SA,['CCRO3']
103,02.860.694/0001-62,SHOW,TIME FOR FUN,['SHOW3']
104,02.914.460/0001-50,SALM,SEARA ALM,['SALM3' 'SALM4']
105,02.916.265/0001-60,JBSS,JBS,['JBSS3']
106,02.919.555/0001-67,ARTR,ARTERIS,['ARTR3']
107,02.930.076/0001-41,SUBA,SUBMARINO,['SUBA3']
108,02.932.074/0001-91,HYPE,HYPERA,['HYPE3']
109,02.950.811/0001-89,PDGR,PDG REALT,['PDGR3']
110,02.998.301/0001-81,GEPA,GER PARANAP,['GEPA4' 'GEPA3']
111,02.998.609/0001-27,GETI,AES TIETE,['GETI4' 'GETI3']
112,02.998.611/0001-04,ISAE,ISA ENERGIA,['ISAE4' 'ISAE3']
113,03.002.935/0001-03,MLCF,MAHLE COFAP,['MLCF4' 'MLCF3']
114,03.010.016/0001-73,CRTP,CRT CELULAR,['CRTP5' 'CRTP3']
115,03.014.553/0001-91,TPIS,TRIUNFO PART,['TPIS3']
116,03.114.361/0001-57,DSUL,DATASUL,['DSUL3']
117,03.220.438/0001-73,EQTL,EQUATORIAL,['EQTL3']
118,03.303.999/0001-36,DTCY,DTCOM-DIRECT,['DTCY3']
119,03.342.704/0001-30,RECV,PETRORECSA,['RECV3']
120,03.378.521/0001-75,LIGT,LIGHT S/A,['LIGT3']
121,03.420.904/0001-64,GVTT,GVT HOLDING,['GVTT3']
122,03.467.321/0001-99,ENMT,ENERGISA MT,['ENMT3' 'ENMT4']
123,03.559.006/0001-91,RBCS,RB CREDITO,['RBCSB']
124,03.601.314/0001-38,ANDG,AGCONCESSOES,['ANDGB']
125,03.616.277/0001-31,VDNP,22 NOVEMBRO,['VDNPB']
126,03.634.777/0001-04,VPTA,VARIG TRANSP,['VPTA4' 'VPTA3']
127,03.634.795/0001-88,VPSC,VARIG SERV,['VPSC4' 'VPSC3']
128,03.802.115/0001-98,CLSA,CLEARSALE,['CLSA3']
129,03.847.461/0001-92,BRAP,BRADESPAR,['BRAP4' 'BRAP3']
130,03.853.896/0001-40,MRFG,MARFRIG,['MRFG3']
131,03.906.591/0001-59,SOES,SADIA S/A,['SOES4' 'SOES3']
132,03.953.509/0001-47,CPFG,CPFL GERACAO,['CPFG3' 'CPFG4']
133,03.983.431/0001-03,ENBR,ENERGIAS BR,['ENBR3']
134,04.032.433/0001-80,ATMP,ATMASA,['ATMP3']
135,04.038.763/0001-82,CAIA,CAIANDA PART,['CAIAB']
136,04.065.791/0001-99,SQIA,SINQIA,['SQIAM' 'SQIA3']
137,04.128.563/0001-10,TIET,AES TIETE E,['TIET4' 'TIET3']
138,04.149.454/0001-80,ECOR,ECORODOVIAS,['ECOR3']
139,04.172.213/0001-51,CPFP,CPFL PIRATIN,['CPFP4' 'CPFP3']
140,04.295.166/0001-33,TDBH,TEF DATA BRA,['TDBH4' 'TDBH3']
141,04.310.392/0001-46,AEDU,ANHANGUERA,['AEDU3']
142,04.364.656/0001-44,PVFS,PEVE FINASA,['PVFS4' 'PVFS3']
143,04.423.567/0001-21,ENEV,ENEVA,['ENEV3']
144,04.562.120/0001-33,BAAM,BANCO BEA,['BAAM3' 'BAAM4']
145,04.601.397/0001-28,BRST,BRISANET,['BRST3']
146,04.705.090/0001-77,SZPQ,QUATTOR PETR,['SZPQ4']
147,04.752.991/0001-10,BIOM,BIOMM,['BIOM4' 'BIOM3' 'BIOMM']
148,04.821.041/0001-08,FRIO,METALFRIO,['FRIO3']
149,04.895.728/0001-80,EQPA,EQTL PARA,['EQPA5' 'EQPA7' 'EQPA6' 'EQPA3']
150,04.896.759/0001-55,CTAN,CATA,['CTAN8']
151,04.902.979/0001-44,BAZA,AMAZONIA,['BAZA3']
152,04.913.711/0001-08,BPAR,BANPARA,['BPAR3']
153,04.986.320/0001-13,SEER,SER EDUCA,['SEER3']
154,05.197.443/0001-38,HAPV,HAPVIDA,['HAPV3']
155,05.341.549/0001-63,TRPN,TARPON INV,['TRPN3']
156,05.615.334/0001-93,SLAE,SOLAE,['SLAE3']
157,05.730.375/0001-20,SMLS,SMILES,['SMLS3']
158,05.799.312/0001-20,TESA,TERRA SANTA,['TESA3']
159,05.878.397/0001-32,ALOS,ALLOS,['ALOS3']
160,05.917.486/0001-40,LVTC,WDC NETWORKS,['LVTC3']
161,06.047.087/0001-39,RDOR,REDE D OR,['RDOR3']
162,06.057.223/0001-71,ASAI,ASSAI,['ASAI3']
163,06.082.980/0001-03,ALSC,ALIANSCE,['ALSC3']
164,06.164.253/0001-87,GOLL,GOL,['GOLL4']
165,06.272.793/0001-84,EQMA,EQTLMARANHAO,['EQMAB']
166,06.626.253/0001-51,PGMN,PAGUE MENOS,['PGMN3']
167,06.833.131/0001-36,BPIA,EST PIAUI,['BPIA3']
168,06.948.969/0001-75,LINX,LINX,['LINX3']
169,06.977.739/0001-34,TEMP,TEMPO PART,['TEMP3']
170,06.977.745/0001-91,BRML,BR MALLS PAR,['BRML3']
171,06.977.751/0001-49,BRPR,BR PROPERT,['BRPR3']
172,07.047.251/0001-70,COCE,COELCE,['COCE5' 'COCE3' 'COCE6']
173,07.073.027/0001-53,TVIT,TIVIT,['TVIT3']
174,07.196.934/0001-90,BECE,BANCO BEC,['BECE3' 'BECE4']
175,07.206.816/0001-15,MDIA,M.DIASBRANCO,['MDIA3']
176,07.237.373/0001-20,BNBR,NORD BRASIL,['BNBR3' 'BNBR4']
177,07.332.190/0001-93,VINE,VICUNHA TEXT,['VINE5' 'VINE6' 'VINE3']
178,07.415.333/0001-20,SIMH,SIMPAR,['SIMH3']
179,07.450.604/0001-89,BICB,BICBANCO,['BICB4' 'BICB3']
180,07.526.557/0001-00,ABEV,AMBEV S/A,['ABEV3']
181,07.594.978/0001-78,SMFT,SMART FIT,['SMFT3']
182,07.620.094/0001-40,AFLU,AFLUENTE,['AFLU3' 'AFLU5']
183,07.628.528/0001-59,AGRO,BRASILAGRO,['AGRO3']
184,07.645.260/0001-63,MSTR,MASTER,['MSTR5' 'MSTR6']
185,07.689.002/0001-89,EMBR,EMBRAER,['EMBR3' 'EMBR4']
186,07.698.047/0001-10,AGIN,AGRA INCORP,['AGIN3']
187,07.700.557/0001-84,BISA,BROOKFIELD,['BISA3']
188,07.718.269/0001-57,SGPS,SPRINGS,['SGPS3']
189,07.794.351/0001-60,ABYA,ABYARA,['ABYA3']
190,07.809.905/0001-56,AMPI,AMPLA INVEST,['AMPI3']
191,07.816.890/0001-53,MULT,MULTIPLAN,['MULT3']
192,07.820.907/0001-46,FIEI,FICA,['FIEI3']
193,07.859.971/0001-30,TAEE,TAESA,['TAEE4' 'TAEE3']
194,07.882.930/0001-65,MTRE,MITRE REALTY,['MTRE3']
195,07.949.970/0001-87,CTMI,CENT MIN-RIO,['CTMI3']
196,07.950.674/0001-04,CCXC,CCX CARVAO,['CCXC3']
197,07.957.093/0001-96,OGXP,OGX PETROLEO,['OGXP3']
198,08.065.557/0001-12,TCSA,TECNISA,['TCSA3']
199,08.078.847/0001-09,LPSB,LOPES BRASIL,['LPSB3']
200,08.170.849/0001-15,DESK,DESKTOP,['DESK3']
201,08.262.343/0001-36,MARI,MARISA,['MARI3']
202,08.281.683/0001-04,RJCP,RJCP,['RJCP3']
203,08.294.224/0001-65,JHSF,JHSF PART,['JHSF3']
204,08.312.229/0001-73,EZTC,EZTEC,['EZTC3']
205,08.324.196/0001-81,CSRN,COSERN,['CSRN5' 'CSRN3' 'CSRN6']
206,08.343.492/0001-20,MRVE,MRV,['MRVE3']
207,08.364.948/0001-38,ALUP,ALUPAR,['ALUP4' 'ALUP3']
208,08.402.943/0001-52,GUAR,GUARARAPES,['GUAR4' 'GUAR3']
209,08.424.178/0001-71,TENE,TEC BLUMENAU,['TENE5' 'TENE7']
210,08.439.659/0001-50,CPRE,CPFL RENOVAV,['CPRE3']
211,08.467.115/0001-00,CEED,CEEE-D,['CEEDB' 'CEED3' 'CEED4']
212,08.534.605/0001-74,RNEW,RENOVA,['RNEW3' 'RNEW4']
213,08.560.444/0001-93,GPAR,CELGPAR,['GPAR3']
214,08.613.550/0001-98,NEXP,NEXPE,['NEXP3']
215,08.684.547/0001-65,MAGG,MAGNESITA SA,['MAGG3']
216,08.695.953/0001-23,BOVH,BOVESPA HLD,['BOVH3']
217,08.723.106/0001-25,BHGR,BHG,['BHGR3']
218,08.741.499/0001-08,PRML,PRUMO,['PRML3']
219,08.764.621/0001-53,GSHP,GENERALSHOPP,['GSHP3']
220,08.797.760/0001-83,CURY,CURY S/A,['CURY3']
221,08.801.621/0001-86,SYNE,SYN PROP TEC,['SYNE3']
222,08.807.432/0001-10,YDUQ,YDUQS PART,['YDUQ3']
223,08.811.643/0001-27,TRIS,TRISUL,['TRIS3']
224,08.835.366/0001-92,CTAP,CENT AMAPA,['CTAP3']
225,08.902.291/0001-15,CMIN,CSNMINERACAO,['CMIN3']
226,08.926.302/0001-05,DMMO,DOMMO,['DMMO3']
227,08.936.792/0001-12,IMCH,IMC HOLDINGS,['IMCH3']
228,09.041.168/0001-10,LOGG,LOG COM PROP,['LOGG3']
229,09.042.817/0001-05,BMOB,BEMOBI TECH,['BMOB3']
230,09.083.175/0001-84,MOSI,MOSAICO,['MOSI3']
231,09.112.685/0001-32,OSXB,OSX BRASIL,['OSXB3']
232,09.114.805/0001-30,OPCT,OCEANPACT,['OPCT3']
233,09.149.503/0001-06,OMGE,OMEGA GER,['OMGE3']
234,09.229.201/0001-30,GGPS,GPS,['GGPS3']
235,09.288.252/0001-32,ANIM,ANIMA,['ANIM3']
236,09.295.063/0001-97,TECN,TECHNOS,['TECN3']
237,09.295.979/0001-47,IRON,ANGLO BRAZIL,['IRON3']
238,09.305.994/0001-29,AZUL,AZUL,['AZUL4']
239,09.346.601/0001-25,B3SA,B3,['B3SA3']
240,09.347.516/0001-81,ELMD,ELETROMIDIA,['ELMD3']
241,09.358.105/0001-91,CTIP,CETIP,['CTIP3']
242,09.601.322/0001-60,CTAX,CONTAX,['CTAX4' 'CTAX3']
243,10.139.870/0001-08,NGRD,NEOGRID,['NGRD3']
244,10.215.988/0001-60,LCAM,LOCAMERICA,['LCAM3']
245,10.285.590/0001-08,SOMA,GRUPO SOMA,['SOMA3']
246,10.338.320/0001-00,AFLT,AFLUENTE T,['AFLT3']
247,10.345.009/0001-98,ADHM,ADVANCED-DH,['ADHM3']
248,10.362.796/0001-86,ELND,ELEKEIROZ,['ELND4' 'ELND3']
249,10.440.482/0001-54,GETT,GETNET BR,['GETT4' 'GETT3']
250,10.629.105/0001-68,PRIO,PETRORIO,['PRIO3']
251,10.760.260/0001-19,CVCB,CVC BRASIL,['CVCB3']
252,10.782.175/0001-51,PXEC,PEIXE,['PXEC4']
253,10.807.374/0001-77,SOJA,BOA SAFRA,['SOJA3']
254,10.835.932/0001-08,CEPE,CELPE,['CEPE5' 'CEPE6' 'CEPE3']
255,10.846.981/0001-46,PRTX,PORTX,['PRTX3']
256,10.866.788/0001-77,BDEP,BANDEPE,['BDEP3']
257,11.040.082/0001-14,AGEI,AGRE EMP IMO,['AGEI3']
258,11.094.546/0001-75,MPLU,MULTIPLUS,['MPLU3']
259,11.136.660/0001-10,HGNN,FIBRASIL,['HGNN6']
260,11.395.624/0001-71,BPHA,BR PHARMA,['BPHA3']
261,11.421.994/0001-36,ORVR,ORIZON,['ORVR3']
262,11.566.501/0001-56,TERI,TEREOS,['TERI3']
263,11.669.021/0001-10,ENAT,ENAUTA PART,['ENAT3']
264,11.703.519/0001-52,BPLA,BRASPEROLA,['BPLA5' 'BPLA3']
265,11.721.921/0001-60,APER,ALPER S.A.,['APER3']
266,11.725.176/0001-27,BOAS,BOA VISTA,['BOAS3']
267,11.858.621/0001-27,DOMO,DOMUS POPULI,['DOMO3']
268,11.992.680/0001-93,QUAL,QUALICORP,['QUAL3']
269,12.049.631/0001-84,MDNE,MOURA DUBEUX,['MDNE3']
270,12.091.809/0001-55,BRAV,BRAVA,['BRAV3']
271,12.104.241/0004-02,ONCO,ONCOCLINICAS,['ONCO3']
272,12.108.897/0001-50,DMVF,D1000VFARMA,['DMVF3']
273,12.126.500/0001-53,RDTR,REDENTOR,['RDTR3']
274,12.181.987/0001-77,MELK,MELNICK,['MELK3']
275,12.420.164/0001-57,VVEO,VIVEO,['VVEO3']
276,12.528.708/0001-07,AERI,AERIS,['AERI3']
277,12.648.266/0001-24,AMBP,AMBIPAR,['AMBP3']
278,12.648.327/0001-53,HBSA,HIDROVIAS,['HBSA3']
279,13.004.510/0001-89,BPCO,BOMPRECO,['BPCO4']
280,13.009.717/0001-46,BGIP,BANESE,['BGIP4' 'BGIP3']
281,13.217.485/0001-11,SBFG,GRUPO SBF,['SBFG3']
282,13.270.520/0001-66,KRSA,KORA SAUDE,['KRSA3']
283,13.324.184/0001-97,VIGR,VIGOR FOOD,['VIGR3']
284,13.545.769/0001-37,PLDN,POLIALDEN,['PLDN4']
285,13.552.070/0001-02,PNOR,PRONOR,['PNOR5' 'PNOR6']
286,13.558.218/0001-08,CARB,NITROCARBONO,['CARB5' 'CARB6']
287,13.558.226/0001-54,CPCA,TRIKEM,['CPCA4' 'CPCA3']
288,13.565.502/0001-01,EDNE,EDN,['EDNE5']
289,13.574.594/0001-96,ZAMP,ZAMP S.A.,['ZAMP3']
290,13.603.683/0001-13,PLTO,POLITENO,['PLTO6' 'PLTO5']
291,13.604.087/0001-58,POPR,POLIPROPILEN,['POPR4']
292,13.608.583/0001-80,QGNP,QGN PARTIC,['QGNPB']
293,13.788.120/0001-47,ELEK,ELEKEIROZ,['ELEK4' 'ELEK3']
294,14.110.585/0001-07,CASH,MELIUZ,['CASH3']
295,14.127.813/0001-51,NINJ,GETNINJAS,['NINJ3']
296,14.388.334/0001-99,PRBC,PARANA,['PRBC4']
297,14.776.142/0001-50,WEST,WESTWING,['WEST3']
298,14.785.152/0001-51,HBRE,HBR REALTY,['HBRE3']
299,14.807.945/0001-24,SNSY,SANSUY,['SNSY5' 'SNSY3' 'SNSY6']
300,15.082.688/0001-73,ASTA,SANTISTEXTIL,['ASTA4']
301,15.101.405/0001-93,CORR,COR RIBEIRO,['CORR4' 'CORR3']
302,15.105.588/0001-15,ODBE,ODEBRECHT,['ODBE4' 'ODBE3']
303,15.115.504/0001-24,CRPG,CRISTAL,['CRPG5' 'CRPG6' 'CRPG3']
304,15.137.276/0001-93,TEBA,TELEBAHIA,['TEBA3' 'TEBA5' 'TEBA6']
305,15.139.629/0001-94,CEEB,COELBA,['CEEB3' 'CEEB5']
306,15.141.799/0001-03,FESA,FERBASA,['FESA4' 'FESA3']
307,15.142.490/0001-38,BEBA,BANEB,['BEBA6' 'BEBA5']
308,15.144.017/0001-90,CSAB,SEG AL BAHIA,['CSAB4' 'CSAB3']
309,15.144.306/0001-99,SIBR,SIBRA,['SIBR7' 'SIBR6']
310,15.182.652/0001-61,IBAN,ANTARCT NORD,['IBAN5' 'IBAN3' 'IBAN6']
311,15.224.488/0001-08,CRBM,CARAIBA MET,['CRBM3' 'CRBM7' 'CRBM5']
312,15.413.826/0001-50,ENER,ENERSUL,['ENER6' 'ENER3' 'ENER5']
313,15.527.906/0001-36,BSEV,BIOSEV,['BSEV3']
314,15.912.764/0001-20,SMLE,SMILES,['SMLE3']
315,16.236.440/0001-82,MTPS,MOTO PECAS,['MTPS4' 'MTPS3']
316,16.404.287/0001-55,SUZB,SUZANO S.A.,['SUZB5' 'SUZB6' 'SUZB3']
317,16.590.234/0001-76,AZZA,AZZAS 2154,['AZZA3']
318,16.614.075/0001-00,DIRR,DIRECIONAL,['DIRR3']
319,16.670.085/0001-55,RENT,LOCALIZA,['RENT3']
320,16.676.520/0001-59,MATD,MATER DEI,['MATD3']
321,16.811.931/0001-00,AVLL,ALPHAVILLE,['AVLL3']
322,16.921.603/0001-66,BIOB,BIOBRAS,['BIOB6' 'BIOB3' 'BIOB5' 'BIOB7' 'BIOB4']
323,16.922.038/0001-51,ENJU,ENJOEI,['ENJU3']
324,17.155.151/0001-11,MROE,M ROSCOE,['MROE4']
325,17.155.730/0001-64,CMIG,CEMIG,['CMIG4' 'CMIG3']
326,17.156.514/0001-33,REAL,REAL,['REAL4' 'REAL3']
327,17.159.005/0001-64,SJOS,TECEL S JOSE,['SJOS4' 'SJOS3']
328,17.161.241/0001-15,MMAQ,MINASMAQUINA,['MMAQ4' 'MMAQ3']
329,17.162.082/0001-73,MEND,MENDES JR,['MEND5' 'MEND6' 'MEND3']
330,17.167.396/0001-69,RPAD,ALFA HOLDING,['RPAD6' 'RPAD3' 'RPAD5']
331,17.167.412/0001-13,CRIV,ALFA FINANC,['CRIV3' 'CRIV4']
332,17.170.150/0001-46,MANM,MANNESMANN,['MANM4' 'MANM3']
333,17.179.391/0001-56,SAMI,SAMITRI,['SAMI4' 'SAMI3']
334,17.184.037/0001-10,BMEB,MERCANTIL,['BMEB4' 'BMEB3']
335,17.184.201/0001-99,TMGR,TELEMIG,['TMGR6' 'TMGR3' 'TMGR8' 'TMGR1' 'TMGR5' 'TMGR7']
336,17.193.806/0001-46,BRGE,ALFA CONSORC,['BRGE1' 'BRGE2' 'BRGE3' 'BRGE8' 'BRGE5' 'BRGE6' 'BRGE7']
337,17.197.385/0001-21,CSMB,SEG MIN BRAS,['CSMB3']
338,17.221.771/0001-01,LIAS,LIASA,['LIAS4']
339,17.245.234/0001-00,CEDO,CEDRO,['CEDO5' 'CEDO3' 'CEDO6' 'CEDO4']
340,17.281.106/0001-03,CSMG,COPASA,['CSMG3']
341,17.314.329/0001-20,MEAL,IMC S/A,['MEAL3']
342,17.344.597/0001-94,BBSE,BBSEGURIDADE,['BBSE3']
343,17.346.997/0001-39,RLOG,COSAN LOG,['RLOG3']
344,18.174.270/0001-84,DOTZ,DOTZ SA,['DOTZ3']
345,18.328.118/0001-09,PETZ,PETZ,['PETZ3']
346,18.593.815/0001-97,PRNR,PRINER,['PRNR3']
347,19.378.769/0001-76,PARD,IHPARDINI,['PARD3']
348,19.443.985/0001-58,FFTL,VALEFERT,['FFTL4' 'FFTL3']
349,19.527.639/0001-58,FLCL,F CATAGUAZES,['FLCL5' 'FLCL6' 'FLCL3']
350,19.791.268/0001-17,MAGS,MAGNESITA,['MAGS5' 'MAGS7' 'MAGS3']
351,19.796.586/0001-70,BRIT,BRISANET,['BRIT3']
352,19.853.511/0001-84,GNDI,INTERMEDICA,['GNDI3']
353,20.247.322/0001-47,ALLD,ALLIED,['ALLD3']
354,20.258.278/0001-70,OFSA,OUROFINO S/A,['OFSA3']
355,20.512.706/0001-40,VTRU,VITRUEDUCA,['VTRU3']
356,20.730.099/0001-94,SDIA,SADIA S/A,['SDIA4' 'SDIA3']
357,21.240.146/0001-84,AGXY,AGROGALAXY,['AGXY3']
358,21.254.073/0001-80,CIIT,ITAUNENSE,['CIIT4']
359,21.255.567/0001-89,CTSA,SANTANENSE,['CTSA4' 'CTSA3' 'CTSA8']
360,21.314.559/0001-66,MOVI,MOVIDA,['MOVI3']
361,22.266.175/0001-88,FHER,FER HERINGER,['FHER3']
362,22.543.331/0001-00,CXSE,CAIXA SEGURI,['CXSE3']
363,22.677.520/0001-76,CTNM,COTEMINAS,['CTNM4' 'CTNM3']
364,22.770.366/0001-82,TOYB,TECTOY,['TOYB5' 'TOYB6' 'TOYB3' 'TOYB4']
365,23.373.000/0001-32,VAMO,VAMOS,['VAMO3']
366,23.994.857/0001-70,ATED,ATOM EDUC,['ATED3']
367,24.030.025/0001-04,ICPI,CIM ITAU,['ICPI4' 'ICPI3']
368,24.230.275/0001-80,PLPL,PLANOEPLANO,['PLPL3']
369,24.315.012/0001-73,ARCE,ARCELOR BR,['ARCE3']
370,24.956.666/0001-86,CLAN,CLARION,['CLAN4']
371,24.990.777/0001-09,GMAT,GRUPO MATEUS,['GMAT3']
372,25.329.319/0001-96,WMBY,WEMBLEY,['WMBY4' 'WMBY3']
373,25.869.736/0001-21,CAFE,CAF BRASILIA,['CAFE4' 'CAFE3']
374,26.345.998/0001-50,TRAD,TC,['TRAD3']
375,26.462.693/0001-28,LAVV,LAVVI,['LAVV3']
376,26.659.061/0001-59,ESPA,ESPACOLASER,['ESPA3']
377,26.735.020/0001-02,POWE,FOCUS ON,['POWE3']
378,27.093.558/0001-15,MILS,MILLS,['MILS3']
379,27.251.974/0001-02,CSTB,SID TUBARAO,['CSTB4' 'CSTB3']
380,28.127.603/0001-78,BEES,BANESTES,['BEES3' 'BEES4']
381,28.152.650/0001-71,ESCE,ESCELSA,['ESCE3']
382,28.154.847/0001-40,RECF,REALCAFE,['RECF4' 'RECF3']
383,28.195.667/0001-06,ABCB,ABC BRASIL,['ABCB4']
384,28.594.234/0001-23,AURE,AUREN,['AURE3']
385,28.672.087/0001-62,BARB,SGOBAINCANAL,['BARB4' 'BARB3']
386,29.388.352/0001-48,REEM,RIMET,['REEM4']
387,29.506.474/0001-91,LATS,REXAM BCSA,['LATS3' 'LATS4' 'LATS6']
388,29.667.227/0001-77,PEFX,PETROFLEX,['PEFX5' 'PEFX3']
389,29.780.061/0001-09,SCAR,SAO CARLOS,['SCAR4' 'SCAR3']
390,29.978.814/0001-87,SULA,SUL AMERICA,['SULA4' 'SULA3']
391,30.306.294/0001-45,BPAC,BTGP BANCO,['BPAC5' 'BPAC3']
392,30.540.991/0001-66,HAGA,HAGA S/A,['HAGA4' 'HAGA3']
393,30.723.886/0001-62,MODL,MODALMAIS,['MODL3' 'MODL4']
394,31.456.338/0001-86,CFLU,FLUM REFRIG,['CFLU4' 'CFLU3']
395,31.553.627/0001-01,MBLY,MOBLY,['MBLY3']
396,31.865.728/0001-00,CMET,CAEMI,['CMET4']
397,31.959.356/0001-80,CMMA,C M A PART,['CMMA4']
398,32.286.411/0001-81,SLAL,SOLA,['SLAL4' 'SLAL3']
399,32.785.497/0001-97,NTCO,GRUPO NATURA,['NTCO3']
400,33.000.118/0001-79,TMAR,TELEMAR N L,['TMAR3' 'TMAR5' 'TMAR6']
401,33.000.167/0001-01,PETR,PETROBRAS,['PETR3' 'PETR4']
402,33.000.571/0001-85,WHMT,WHIT MARTINS,['WHMT3']
403,33.007.592/0001-22,NOVA,NOVA AMERICA,['NOVA4' 'NOVAB']
404,33.009.911/0001-39,CRUZ,SOUZA CRUZ,['CRUZ3']
405,33.009.960/0001-71,MFLU,SANTISTA ALM,['MFLU3']
406,33.014.556/0001-96,LAME,LOJAS AMERIC,['LAME3' 'LAME4']
407,33.017.039/0001-70,FCAP,SAM INDUSTR,['FCAP4' 'FCAP3']
408,33.033.960/0001-07,SANO,SANO,['SANO3' 'SANO4']
409,33.035.536/0001-00,JFEN,JOAO FORTES,['JFEN3']
410,33.040.601/0001-87,MERC,MERC FINANC,['MERC3' 'MERC4']
411,33.040.924/0001-70,SLCP,SULACAP,['SLCP3']
412,33.041.062/0001-09,SASG,SUL AMER NAC,['SASG3']
413,33.041.260/0652-90,BHIA,CASAS BAHIA,['BHIA3' 'BHIA4']
414,33.042.730/0001-04,CSNA,SID NACIONAL,['CSNA3']
415,33.050.071/0001-58,CBEE,AMPLA ENERG,['CBEE3']
416,33.050.196/0001-88,PALF,PAUL F LUZ,['PALF5' 'PALF3' 'PALF7']
417,33.067.745/0001-27,ERIC,ERICSSON,['ERIC4' 'ERIC3']
418,33.069.766/0001-81,PTIP,IPIRANGA PET,['PTIP4' 'PTIP3']
419,33.102.476/0001-92,MOAR,MONT ARANHA,['MOAR3']
420,33.111.246/0001-90,TCNO,TECNOSOLO,['TCNO4' 'TCNO3']
421,33.113.309/0001-47,VLID,VALID,['VLID3']
422,33.130.691/0001-05,PORT,WILSON SONS,['PORT3']
423,33.161.340/0001-53,SGEN,SERGEN,['SGEN4' 'SGEN3']
424,33.200.049/0001-47,HOOT,HOTEIS OTHON,['HOOT4']
425,33.228.024/0001-51,WLMM,WLM IND COM,['WLMM4' 'WLMM3']
426,33.256.439/0001-39,UGPA,ULTRAPAR,['UGPA4' 'UGPA3']
427,33.261.561/0001-01,ECIS,ECISA,['ECIS3' 'ECIS4']
428,33.366.980/0001-08,BRHA,BRAHMA,['BRHA4' 'BRHA3']
429,33.376.989/0001-91,IRBR,IRBBRASIL RE,['IRBR3']
430,33.386.210/0001-19,SOND,SONDOTECNICA,['SOND5' 'SOND6' 'SOND3']
431,33.387.382/0001-07,DATA,DATAMEC,['DATA4']
432,33.390.170/0001-89,ACES,AM INOX BR,['ACES3' 'ACES4']
433,33.412.081/0001-96,RPMG,PET MANGUINH,['RPMG4' 'RPMG3']
434,33.433.665/0001-48,DOCA,DOCAS,['DOCA4' 'DOCA3']
435,33.433.822/0001-15,CECI,STA CECILIA,['CECI3']
436,33.453.598/0001-23,RAIZ,RAIZEN,['RAIZ4']
437,33.467.572/0001-34,TKNO,TEKNO,['TKNO4' 'TKNO3']
438,33.470.022/0001-74,FGUI,F GUIMARAES,['FGUI4' 'FGUI3']
439,33.592.510/0001-54,VALE,VALE,['VALE5' 'VALE3']
440,33.611.500/0001-19,GGBR,GERDAU,['GGBR4' 'GGBR3']
441,33.700.394/0001-40,UBBR,UNIBANCO,['UBBR3' 'UBBR4']
442,33.795.055/0001-94,PTQS,PETROQUISA,['PTQS4' 'PTQS3']
443,33.839.910/0001-11,VIVA,VIVARA S.A.,['VIVA3']
444,33.870.163/0001-84,BEXC,BILBAO VIZC,['BEXC4']
445,33.938.119/0001-69,CEGR,CEG,['CEGR3']
446,33.958.695/0001-78,UNIP,UNIPAR,['UNIP6' 'UNIP5' 'UNIP3']
447,34.169.557/0001-72,BMIN,MERC INVEST,['BMIN4' 'BMIN3']
448,34.177.279/0001-03,GAFP,CIMOB PART,['GAFP3' 'GAFP4']
449,34.274.233/0001-02,VBBR,VIBRA,['VBBR4' 'VBBR3']
450,35.654.688/0001-08,AMOB,AUTOMOB,['AMOB3']
451,36.461.242/0001-20,AMIL,AMIL,['AMIL3']
452,37.663.076/0001-07,AESB,AES BRASIL,['AESB3']
453,38.456.921/0001-36,IFCM,INFRACOMM,['IFCM3']
454,40.173.064/0001-09,DJON,DIJON,['DJON4']
455,40.337.136/0001-06,LAND,TERRASANTAPA,['LAND3']
456,42.150.391/0001-70,BRKM,BRASKEM,['BRKM5' 'BRKM6' 'BRKM3']
457,42.157.511/0001-61,ARCZ,ARACRUZ,['ARCZ3' 'ARCZ6' 'ARCZ5']
458,42.278.291/0001-24,LOGN,LOG-IN,['LOGN3']
459,42.278.473/0001-03,WIZC,WIZ CO,['WIZC3']
460,42.331.462/0001-31,EPAR,EMBPAR S/A,['EPAR3' 'EPAR4']
461,42.416.651/0001-07,PRBN,PARAIBUNA,['PRBN4' 'PRBN3']
462,42.500.384/0001-51,SRNA,SERENA,['SRNA3']
463,42.771.949/0001-35,AALR,ALLIAR,['AALR3']
464,43.073.394/0001-10,BNCA,NOSSA CAIXA,['BNCA3']
465,43.185.362/0001-07,IGBR,GRADIENTE,['IGBR5' 'IGBR3' 'IGBR6' 'IGBR7']
466,43.358.647/0001-00,MEDI,MEDIAL SAUDE,['MEDI3']
467,43.470.988/0001-65,EVEN,EVEN,['EVEN3']
468,43.776.517/0001-80,SBSP,SABESP,['SBSP3']
469,44.689.123/0001-57,UCOP,USIN C PINTO,['UCOP4']
470,45.242.914/0001-05,CEAB,CEA MODAS,['CEAB3']
471,45.365.558/0001-09,VITT,VITTIA,['VITT3']
472,45.453.214/0001-51,PFRM,PROFARMA,['PFRM3']
473,45.987.245/0001-92,BIED,BIOMA EDUC,['BIED4' 'BIED3' 'BIED5']
474,46.014.635/0001-49,LIXC,LIX DA CUNHA,['LIXC4' 'LIXC3']
475,47.080.619/0001-17,ACGU,GUARANI,['ACGU3']
476,47.427.653/0001-15,MAKR,MAKRO,['MAKR3']
477,47.508.411/0001-56,PCAR,P.ACUCAR-CBD,['PCAR4' 'PCAR3' 'PCAR5']
478,47.709.365/0001-53,ATEL,AUTEL,['ATEL4']
479,47.893.664/0001-90,TAMR,TAM,['TAMR4' 'TAMR3']
480,47.960.950/0001-21,MGLU,MAGAZ LUIZA,['MGLU3']
481,49.263.189/0001-02,HBOR,HELBOR,['HBOR3']
482,49.669.856/0001-43,VSTE,VESTE,['VSTE3']
483,50.280.429/0001-58,PVPR,PEVE PREDIOS,['PVPR4' 'PVPR3']
484,50.564.053/0001-03,BOBR,BOMBRIL,['BOBR4' 'BOBR3']
485,50.746.577/0001-15,CSAN,COSAN,['CSAN3']
486,50.926.955/0001-42,VULC,VULCABRAS,['VULC4' 'VULC3']
487,51.128.999/0001-90,NUTR,NUTRIPLANT,['NUTRM' 'NUTR3']
488,51.218.147/0001-93,IGTA,IGUATEMI,['IGTA3']
489,51.466.860/0001-56,SMTO,SAO MARTINHO,['SMTO3']
490,51.468.056/0001-06,CTPC,MARAMBAIA,['CTPC4' 'CTPC3']
491,51.468.791/0001-10,RPSA,RIPASA,['RPSA4']
492,51.928.174/0001-50,PLAS,PLASCAR PART,['PLAS4' 'PLAS3']
493,52.548.435/0001-79,JSLG,JSL,['JSLG3']
494,52.736.840/0001-10,CCHI,CHIARELLI,['CCHI4' 'CCHI3']
495,53.113.791/0001-22,TOTS,TOTVS,['TOTS3']
496,53.790.218/0001-53,LFFE,LA FONTE TEL,['LFFE4' 'LFFE3']
497,53.843.777/0001-84,ELBR,ELEBRA,['ELBR4']
498,54.526.082/0001-31,ITEC,ITAUTEC,['ITEC3' 'ITEC5']
499,54.641.030/0001-06,BMEF,BMF,['BMEF3']
500,56.021.785/0001-33,EPED,MARTREX,['EPED4']
501,56.643.018/0001-66,EUCA,EUCATEX,['EUCA4' 'EUCA3']
502,56.720.428/0001-63,ROMI,ROMI,['ROMI4' 'ROMI3']
503,56.806.656/0001-50,RHDS,M G POLIEST,['RHDS3' 'RHDS4']
504,56.992.423/0001-90,BMKS,BIC MONARK,['BMKS3']
505,56.994.924/0001-05,PMET,PRO METALURG,['PMET6' 'PMET5']
506,57.009.078/0001-94,AMLC,AMELCO,['AMLC4']
507,57.487.142/0001-42,CPFL,FERRO LIGAS,['CPFL4' 'CPFL3']
508,57.488.645/0001-32,ELUM,ELUMA,['ELUM4' 'ELUM3']
509,57.494.031/0001-63,CCTU,CBC CARTUCHO,['CCTU4']
510,57.500.001/0001-12,FAPC,COFAP,['FAPC4' 'FAPC3']
511,58.119.199/0001-51,ODPV,ODONTOPREV,['ODPV3']
512,58.128.174/0001-14,CBAG,BAN ARMAZENS,['CBAG3']
513,58.430.828/0001-60,BLAU,BLAU,['BLAU3']
514,58.877.812/0001-08,CPNY,COMPANY,['CPNY3']
515,59.104.513/0001-95,AUTM,AUTOMETAL,['AUTM3']
516,59.105.999/0001-86,WHRL,WHIRLPOOL,['WHRL4' 'WHRL3']
517,59.179.838/0001-37,PIPN,PIRELLI PNEU,['PIPN4' 'PIPN3']
518,59.285.411/0001-13,BPAN,BANCO PAN,['BPAN4']
519,59.290.239/0001-96,BFCV,SPSCS INDL,['BFCV4']
520,59.418.806/0001-47,TFCO,TRACK FIELD,['TFCO4']
521,59.717.553/0001-02,MLAS,MULTILASER,['MLAS3']
522,59.789.545/0001-71,PPAR,POLPAR,['PPAR3']
523,60.394.723/0001-44,DXTG,DIXIE TOGA,['DXTG4']
524,60.398.369/0001-26,PMAM,PARANAPANEMA,['PMAM4' 'PMAM3']
525,60.398.989/0001-65,FTSE,FERT SERRANA,['FTSE4' 'FTSE3']
526,60.400.009/0001-11,MNSA,MANASA,['MNSA4' 'MNSA3']
527,60.405.446/0001-28,EMXS,GERAL CONCR,['EMXS4' 'EMXS3']
528,60.434.487/0001-42,LECO,LECO,['LECO4']
529,60.444.437/0001-46,LIGH,LIGHT,['LIGH3']
530,60.476.884/0001-87,LEVE,METAL LEVE,['LEVE4' 'LEVE3']
531,60.484.797/0001-71,KLAB,KLABIN,['KLAB4' 'KLAB3']
532,60.499.605/0001-09,SIFC,SIFCO,['SIFC4' 'SIFC3']
533,60.500.139/0001-26,SLED,SARAIVA LIVR,['SLED4' 'SLED3' 'SLED6' 'SLED5']
534,60.501.780/0001-85,VEMG,MONTREAL,['VEMG4' 'VEMG3']
535,60.537.263/0001-66,ALPK,ESTAPAR,['ALPK3']
536,60.543.816/0001-93,IGTI,IGUATEMI S.A,['IGTI4' 'IGTI3']
537,60.594.538/0001-01,IVCT,INVICTA,['IVCT4']
538,60.605.664/0001-06,RAIA,RAIA,['RAIA3']
539,60.631.090/0001-40,LARK,LARK MAQS,['LARK4']
540,60.637.238/0001-54,BLUT,B TECH EQI,['BLUT4' 'BLUT3']
541,60.643.228/0001-21,FIBR,FIBRIA,['FIBR3']
542,60.651.726/0001-16,SUZA,SUZANO,['SUZA4']
543,60.651.809/0001-05,NEMO,SUZANO HOLD,['NEMO4']
544,60.664.810/0001-74,AVIL,ACOS VILL,['AVIL4' 'AVIL3']
545,60.688.256/0001-65,PVLT,SOUTO VIDIG,['PVLT3']
546,60.730.348/0001-66,MSPA,MELHOR SP,['MSPA3' 'MSPA4']
547,60.746.948/0001-12,BBDC,BRADESCO,['BBDC3' 'BBDC4']
548,60.770.336/0001-65,BRIV,ALFA INVEST,['BRIV3' 'BRIV4']
549,60.840.055/0001-31,FLRY,FLEURY,['FLRY3']
550,60.851.615/0001-53,BDLL,BARDELLA,['BDLL4' 'BDLL3']
551,60.853.942/0001-44,VSMA,SGOBAINVIDRO,['VSMA3']
552,60.872.173/0001-21,TRBR,TRANSBRASIL,['TRBR4' 'TRBR3']
553,60.872.504/0001-23,ITUB,ITAUUNIBANCO,['ITUB4' 'ITUB3']
554,60.882.628/0001-90,CNFB,CONFAB,['CNFB4' 'CNFB3']
555,60.884.319/0001-59,NORD,NORDON MET,['NORD3']
556,60.889.128/0001-80,SFSA,SOFISA,['SFSA4']
557,60.894.730/0001-05,USIM,USIMINAS,['USIM5' 'USIM6' 'USIM3']
558,60.933.603/0001-78,CESP,CESP,['CESP3' 'CESP4' 'CESP5' 'CESP6']
559,60.942.638/0001-73,BFIT,SUDAMERIS,['BFIT3' 'BFIT4']
560,61.015.582/0001-74,CPEE,PAUL ENERGIA,['CPEE3' 'CPEE4']
561,61.022.042/0001-18,CALI,CONST A LIND,['CALI4' 'CALI3']
562,61.024.352/0001-71,IDVL,INDUSVAL,['IDVL4' 'IDVL3']
563,61.064.838/0001-33,LITS,BRASILIT,['LITS3' 'LITS4']
564,61.065.298/0001-02,MGEL,MANGELS INDL,['MGEL4' 'MGEL3']
565,61.065.421/0001-95,BMCT,MERC S PAULO,['BMCT4' 'BMCT3']
566,61.065.751/0001-80,RSID,ROSSI RESID,['RSID3']
567,61.067.161/0001-97,NAFG,NADIR FIGUEI,['NAFG4' 'NAFG3']
568,61.071.387/0001-61,BBCM,BANDEIRANTES,['BBCM4' 'BBCM3']
569,61.074.092/0001-49,MSAN,BUNGE BRASIL,['MSAN3' 'MSAN4']
570,61.079.117/0001-05,ALPA,ALPARGATAS,['ALPA3' 'ALPA4']
571,61.080.313/0001-91,CBMA,COBRASMA,['CBMA4' 'CBMA3']
572,61.081.972/0001-42,IBRC,INBRAC,['IBRC4']
573,61.082.004/0001-50,ESTR,ESTRELA,['ESTR4' 'ESTR3']
574,61.082.822/0001-53,MAHS,BUNGE FERT,['MAHS4' 'MAHS3']
575,61.082.863/0001-40,ORIO,ORION,['ORIO4']
576,61.084.984/0001-20,BMTO,BRASMOTOR,['BMTO3' 'BMTO4']
577,61.086.823/0001-76,CELM,CELM,['CELM3']
578,61.087.581/0001-35,STRP,BOTUCATU TEX,['STRP4']
579,61.087.912/0001-37,COPA,COPAS,['COPA4']
580,61.088.894/0001-08,CAMB,CAMBUCI,['CAMB4' 'CAMB3']
581,61.092.037/0001-81,ETER,ETERNIT,['ETER3' 'ETER4']
582,61.116.331/0001-86,VGOR,VIGOR,['VGOR4']
583,61.146.650/0001-34,GALO,MAIO GALLO,['GALO4']
584,61.149.084/0001-14,ITPS,BRAMPAC,['ITPS4']
585,61.150.751/0001-89,PIRE,PIRELLI,['PIRE3' 'PIRE4']
586,61.151.445/0001-67,SEMP,SEMP,['SEMP3']
587,61.156.113/0001-75,MYPK,IOCHP-MAXION,['MYPK4' 'MYPK3']
588,61.156.501/0001-56,SOLO,CARGILL FERT,['SOLO4' 'SOLO3']
589,61.156.931/0001-78,APTI,ALIPERTI,['APTI4']
590,61.186.680/0001-74,BMGB,BANCO BMG,['BMGB4']
591,61.189.288/0001-89,AMAR,LOJAS MARISA,['AMAR3']
592,61.189.601/0001-89,CLDX,COLDEX,['CLDX4']
593,61.192.373/0001-04,COBE,CONST BETER,['COBEB']
594,61.194.080/0001-58,DURA,DURATEX,['DURA4' 'DURA3']
595,61.196.564/0001-36,FLBR,FER DEMELLOT,['FLBR4' 'FLBR3']
596,61.230.165/0001-44,BASU,AMERICA SUL,['BASU3' 'BASU5' 'BASU6']
597,61.351.532/0001-68,AZEV,AZEVEDO,['AZEV4' 'AZEV3']
598,61.360.434/0001-97,CSPP,SANTISTA PAP,['CSPP3']
599,61.374.161/0001-30,BALM,BAUMER,['BALM4' 'BALM3']
600,61.377.230/0001-69,FTZA,FERTIZA,['FTZA4']
601,61.409.892/0001-73,CBAV,CBA,['CBAV3']
602,61.410.395/0001-95,FBMC,FIBAM,['FBMC4' 'FBMC3']
603,61.411.633/0001-87,BESP,BANESPA,['BESP3' 'BESP4']
604,61.418.430/0001-12,TROR,TRORION,['TROR4' 'TROR3']
605,61.442.109/0001-73,FBRA,FERTIBRAS,['FBRA4']
606,61.442.752/0001-05,SPPE,AGIP DISTRIB,['SPPE3']
607,61.460.762/0001-65,IVIL,COINVEST,['IVIL4' 'IVIL3']
608,61.467.379/0001-39,SVXE,SERVIX ENG,['SVXEB']
609,61.482.725/0001-58,DFVA,D F VASCONC,['DFVA4' 'DFVA3']
610,61.486.650/0001-83,DASA,DASA,['DASA3']
611,61.489.514/0001-47,LAEL,LABO,['LAEL4' 'LAEL3']
612,61.532.644/0001-15,ITSA,ITAUSA,['ITSA4' 'ITSA3']
613,61.573.796/0001-66,BSGR,AGF BRASIL,['BSGR3']
614,61.584.140/0001-49,REDE,REDE ENERGIA,['REDE3' 'REDE4']
615,61.585.865/0001-51,RADL,RAIADROGASIL,['RADL3']
616,61.632.964/0001-47,PQUN,PETROQ UNIAO,['PQUN4' 'PQUN3']
617,61.695.227/0001-93,ELPL,ELETROPAULO,['ELPL4' 'ELPL3' 'ELPL5' 'ELPL6']
618,61.856.571/0001-17,CGAS,COMGAS,['CGAS4' 'CGAS3' 'CGAS5']
619,62.002.886/0001-60,AHEB,SPTURIS,['AHEB3' 'AHEB5' 'AHEB6']
620,62.136.254/0001-99,CZRS,CRUZEIRO SUL,['CZRS4']
621,62.144.175/0001-20,PINE,PINE,['PINE4' 'PINE3']
622,62.232.889/0001-90,DAYC,DAYCOVAL,['DAYC4']
623,62.545.686/0001-53,OXIT,OXITENO,['OXIT4' 'OXIT3']
624,62.607.502/0001-32,SHAP,SHARP,['SHAP4' 'SHAP3']
625,62.791.116/0001-43,ASSM,ELDORADO,['ASSM3' 'ASSM4']
626,62.984.091/0001-02,CSED,CRUZEIRO EDU,['CSED3']
627,64.904.295/0001-03,CAML,CAMIL,['CAML3']
628,66.542.002/0001-10,CTWR,BLUE TREE,['CTWR3']
629,67.010.660/0001-24,RDNI,RNI,['RDNI3']
630,67.203.208/0001-89,CCIM,CC DES IMOB,['CCIM3']
631,67.571.414/0001-41,VIVR,VIVER,['VIVR3']
632,67.620.377/0001-14,BEEF,MINERVA,['BEEF3']
633,71.444.681/0001-25,TBAS,TEBA,['TBAS4']
634,71.476.527/0001-35,TEND,TENDA,['TEND3']
635,71.550.388/0001-42,RUMO,RUMO LOG,['RUMO3']
636,71.673.990/0001-77,NATU,NATURA,['NATU3']
637,73.178.600/0001-18,CYRE,CYRELA REALT,['CYRE4' 'CYRE3']
638,75.315.333/0001-09,CRFB,CARREFOUR BR,['CRFB3']
639,76.255.926/0001-90,IGUA,IGUACU CAFE,['IGUA5' 'IGUA6' 'IGUA3']
640,76.483.817/0001-20,CPLE,COPEL,['CPLE3' 'CPLE6' 'CPLE5']
641,76.484.013/0001-45,SAPR,SANEPAR,['SAPR4' 'SAPR3']
642,76.487.032/0001-25,REPA,ELECTROLUX,['REPA4' 'REPA3']
643,76.492.172/0001-91,BEPA,BANESTADO,['BEPA4' 'BEPA3']
644,76.500.180/0001-32,PRVI,PROVIDENCIA,['PRVI3']
645,76.527.951/0001-85,PREQ,PARANA EQUIP,['PREQ3' 'PREQ4']
646,76.535.764/0001-43,OIBR,OI,['OIBR3' 'OIBR4']
647,76.538.446/0001-36,BSEG,HSBC SEG BR,['BSEG4' 'BSEG3']
648,76.627.504/0001-06,INEP,INEPAR,['INEP4' 'INEP3']
649,78.588.415/0001-15,CIQU,CACIQUE,['CIQU4' 'CIQU3']
650,78.876.950/0001-71,HGTX,CIA HERING,['HGTX4' 'HGTX3']
651,79.313.086/0001-62,WISA,WIEST,['WISA4' 'WISA3']
652,80.227.184/0001-66,MTIG,METAL IGUACU,['MTIG4' 'MTIG3']
653,81.243.735/0001-48,POSI,POSITIVO TEC,['POSI3']
654,82.373.077/0001-71,BEMA,BEMATECH,['BEMA3']
655,82.508.433/0001-17,CASN,CASAN,['CASN4' 'CASN3']
656,82.610.726/0001-00,ARPS,DOUAT TEXTIL,['ARPS3']
657,82.636.986/0001-55,TEKA,TEKA,['TEKA4' 'TEKA3']
658,82.640.558/0001-04,CTKA,KARSTEN,['CTKA4' 'CTKA3']
659,82.640.632/0001-84,LHER,LOJAS HERING,['LHER4' 'LHER3']
660,82.640.723/0001-10,ARTE,KUALA,['ARTE3' 'ARTE4']
661,82.641.325/0001-18,CREM,CREMER,['CREM4' 'CREM3']
662,82.643.537/0001-34,EALT,ACO ALTONA,['EALT4' 'EALT3']
663,82.901.000/0001-27,INTB,INTELBRAS,['INTB3']
664,82.981.671/0001-45,FTRX,FAB C RENAUX,['FTRX4' 'FTRX3']
665,82.981.812/0001-20,BUET,BUETTNER,['BUET4' 'BUET3']
666,82.981.929/0001-03,SCLO,SCHLOSSER,['SCLO4' 'SCLO3']
667,82.982.075/0001-80,TXRX,TEX RENAUX,['TXRX4' 'TXRX3']
668,83.296.889/0001-23,CHAP,CHAPECO,['CHAP4' 'CHAP3']
669,83.475.913/0001-91,PTBL,PORTOBELLO,['PTBL4' 'PTBL3']
670,83.876.003/0001-10,BSCT,BESC,['BSCT6' 'BSCT5' 'BSCT3']
671,83.878.892/0001-55,CLSC,CELESC,['CLSC3' 'CLSC6' 'CLSC5' 'CLSC4']
672,84.043.009/0001-70,ILLS,LINH CIRCULO,['ILLS4']
673,84.046.101/0001-93,CEVA,BUNGE ALIM,['CEVA4' 'CEVA3']
674,84.208.123/0001-02,IMBI,DOC IMBITUBA,['IMBI4' 'IMBI3']
675,84.429.695/0001-11,WEGE,WEG,['WEGE4' 'WEGE3']
676,84.429.752/0001-62,MRSL,MARISOL,['MRSL4' 'MRSL3']
677,84.432.426/0001-04,JFAB,JARAGUA FABR,['JFAB4']
678,84.683.374/0003-00,TUPY,TUPY,['TUPY4' 'TUPY3']
679,84.683.408/0001-03,DOHL,DOHLER,['DOHL4' 'DOHL3']
680,84.683.671/0001-94,MWET,WETZEL S/A,['MWET3' 'MWET4']
681,84.683.762/0001-20,DUQE,MET DUQUE,['DUQE4' 'DUQE3']
682,84.685.189/0001-93,JOIN,HUSKY,['JOIN4']
683,84.693.183/0001-68,SHUL,SCHULZ,['SHUL4' 'SHUL3']
684,84.720.630/0001-20,EBCO,EMBRACO,['EBCO4' 'EBCO3']
685,85.778.074/0001-06,RSUL,RIOSULENSE,['RSUL4']
686,86.375.425/0001-09,MTSA,METISA,['MTSA4' 'MTSA3']
687,86.550.951/0001-50,FRTA,POMIFRUTAS,['FRTA3']
688,87.456.562/0001-22,JOPA,JOSAPAR,['JOPA4' 'JOPA3']
689,87.762.563/0001-03,HBTS,HABITASUL,['HBTS5']
690,88.301.163/0001-55,LETO,MICHELETTO,['LETO4' 'LETO3' 'LETO5']
691,88.610.126/0001-29,FRAS,FRAS-LE,['FRAS4' 'FRAS3']
692,88.610.191/0001-54,MNDL,MUNDIAL,['MNDL4' 'MNDL3']
693,88.610.324/0001-92,AGRA,AGRALE,['AGRA4']
694,88.611.835/0001-29,POMO,MARCOPOLO,['POMO4' 'POMO3']
695,88.611.983/0001-43,GAZO,GAZOLA,['GAZO4' 'GAZO3']
696,88.613.658/0001-10,PTNT,PETTENATI,['PTNT4' 'PTNT3']
697,88.925.029/0001-25,GRNL,GRANOLEO,['GRNL4' 'GRNL3']
698,88.948.492/0001-92,CPSL,COPESUL,['CPSL3']
699,89.086.144/0001-16,RAPT,RANDON PART,['RAPT4' 'RAPT3']
700,89.096.457/0001-55,SLCE,SLC AGRICOLA,['SLCE3']
701,89.463.822/0001-12,LUPA,LUPATECH,['LUPA3']
702,89.637.490/0001-45,KLBN,KLABIN S/A,['KLBN4' 'KLBN3']
703,89.723.993/0001-33,SULT,SULTEPA,['SULT4' 'SULT3']
704,89.850.341/0001-60,GRND,GRENDENE,['GRND3']
705,89.940.878/0001-10,LCSA,PARMALAT,['LCSA4' 'LCSA3']
706,90.076.886/0001-40,MNPR,MINUPAR,['MNPR4' 'MNPR3']
707,90.286.105/0001-41,TRFO,TRAFO,['TRFO4' 'TRFO3']
708,90.400.888/0001-42,SANB,SANTANDER BR,['SANB4' 'SANB3']
709,90.441.460/0001-48,UCAS,UNICASA,['UCAS3']
710,91.333.666/0001-17,RCSL,RECRUSUL,['RCSL4' 'RCSL3']
711,91.669.747/0001-92,DMFN,DMFINANCEIRA,['DMFN3']
712,91.820.068/0001-72,PTPA,EVORA,['PTPA4' 'PTPA3']
713,91.983.056/0001-69,KEPL,KEPLER WEBER,['KEPL4' 'KEPL3']
714,92.012.467/0001-70,CGRA,GRAZZIOTIN,['CGRA4' 'CGRA3']
715,92.189.356/0001-33,ARLA,ARTHUR LANGE,['ARLA4' 'ARLA3']
716,92.660.570/0001-26,LUXM,TREVISA,['LUXM4' 'LUXM3']
717,92.660.604/0001-82,ILMD,YARA BRASIL,['ILMD4' 'ILMD3']
718,92.665.611/0001-77,PNVL,DIMED,['PNVL3' 'PNVL4']
719,92.672.203/0001-42,TCHN,TECHNOS REL,['TCHN3' 'TCHN4']
720,92.689.256/0001-76,DPPI,IPIRANGA DIS,['DPPI4' 'DPPI3']
721,92.690.700/0001-73,RHER,REN HERMANN,['RHER4' 'RHER3']
722,92.690.783/0001-09,GOAU,GERDAU MET,['GOAU4' 'GOAU3']
723,92.693.019/0001-89,PATI,PANATLANTICA,['PATI4' 'PATI3']
724,92.702.067/0001-96,BRSR,BANRISUL,['BRSR4' 'BRSR3' 'BRSR5' 'BRSR6']
725,92.715.812/0001-31,EEEL,CEEE-T,['EEELB' 'EEEL3' 'EEEL4']
726,92.724.053/0001-73,LGLO,LIVR GLOBO,['LGLO4']
727,92.749.217/0001-17,ZIVI,ZIVI,['ZIVI3' 'ZIVI4']
728,92.749.225/0001-63,HETA,HERCULES,['HETA4' 'HETA3']
729,92.754.738/0001-62,LREN,LOJAS RENNER,['LREN4' 'LREN3']
730,92.758.085/0001-90,ALBA,ALBARUS,['ALBA3']
731,92.772.821/0001-64,VAGV,SAVARG,['VAGV4' 'VAGV3']
732,92.776.665/0001-00,ELEV,ELEVA,['ELEV3']
733,92.781.335/0001-02,TASA,TAURUS ARMAS,['TASA4' 'TASA3']
734,92.791.243/0001-03,RANI,IRANI,['RANI4' 'RANI3']
735,92.794.486/0001-03,CRGT,CRT,['CRGT5' 'CRGT3']
736,92.825.900/0001-96,DHBI,D H B,['DHBI4' 'DHBI3']
737,92.929.520/0001-00,SPRI,SPRINGER,['SPRI5' 'SPRI3' 'SPRI6']
738,93.828.986/0001-73,MAPT,CEMEPE,['MAPT4' 'MAPT3']
739,94.789.468/0001-50,RSIP,RASIP AGRO,['RSIP4' 'RSIP3']
740,94.813.102/0001-70,TTEN,3TENTOS,['TTEN3']
741,94.845.674/0001-30,RIPI,IPIRANGA REF,['RIPI4' 'RIPI3']
742,95.424.479/0001-08,POLA,POLAR,['POLA3' 'POLA4']
743,95.426.862/0001-97,BAUH,EXCELSIOR,['BAUH4']
744,96.418.264/0218-02,LJQQ,QUERO-QUERO,['LJQQ3']
745,96.735.105/0001-68,ROSI,AMADEO ROSSI,['ROSI4' 'ROSI3']
746,96.832.365/0001-51,BHEQ,BAHEMA EQUIP,['BHEQ4' 'BHEQ3']
747,97.191.902/0001-94,ODER,ODERICH,['ODER4']
748,97.395.172/0001-43,IVEN,IVEN,['IVEN4' 'IVEN3']
749,97.837.181/0001-47,DXCO,DEXCO,['DXCO3']
